"path","sha256","bytes","type","reason","consumers"
"data/texture/프론테라/pron-ctwr4.bmp","not_yet_hashed","56292","ground_texture","Full cross-resource audit is incomplete; keep source asset","pprontera;prontera;prt_q"
"data/texture/필드바닥/prt_도시01.bmp","not_yet_hashed","66614","ground_texture","Full cross-resource audit is incomplete; keep source asset","06guild_r;bat_c01;gon_fild01;hem_dun02;izlude;izlude_a;izlude_b;izlude_c;izlude_d;n_castle;pprontera;prontera;prt_fild05;prt_fild06;prt_fild08;prt_fild08a;prt_fild08b;prt_fild08c;prt_fild08d;prt_gld;prt_q;prtg_cas03;pvp_y_1-2;pvp_y_2-2;pvp_y_3-2;pvp_y_4-2;pvp_y_5-2;pvp_y_6-2;pvp_y_7-2;pvp_y_8-2;quiz_01;quiz_02;te_prt_gld;te_prtcas03;tra_fild;x_prt;x_prt_evt"
"data/texture/필드바닥/prt_도시02.bmp","not_yet_hashed","66614","ground_texture","Full cross-resource audit is incomplete; keep source asset","06guild_r;1@vrclo;bat_c01;ch1_sf03;ch2safe1;gon_dun01;gon_fild01;hem_dun02;iz_d04_i;iz_dun04;izlu2dun;izlude;izlude_a;izlude_b;izlude_c;izlude_d;job_monk;n_castle;pprontera;prontera;prt_fild05;prt_fild06;prt_fild08;prt_fild08a;prt_fild08b;prt_fild08c;prt_fild08d;prt_gld;prt_monk;prt_q;prtg_cas01;prtg_cas02;prtg_cas03;prtg_cas04;prtg_cas05;pvp_y_1-2;pvp_y_2-2;pvp_y_3-2;pvp_y_4-2;pvp_y_5-2;pvp_y_6-2;pvp_y_7-2;pvp_y_8-2;quiz_01;quiz_02;siege_test;te_prt_gld;te_prtcas01;te_prtcas02;te_prtcas03;te_prtcas04;te_prtcas05;tra_fild;vr_clo1;x_prt;x_prt_evt"
"data/texture/필드바닥/prt_도시03.bmp","not_yet_hashed","66614","ground_texture","Full cross-resource audit is incomplete; keep source asset","bat_c01;hem_dun02;izlude;izlude_a;izlude_b;izlude_c;izlude_d;pprontera;prontera;prt_gld;prt_q;prtg_cas03;pvp_y_1-2;pvp_y_2-2;pvp_y_3-2;pvp_y_4-2;pvp_y_5-2;pvp_y_6-2;pvp_y_7-2;pvp_y_8-2;quiz_02;te_prt_gld;te_prtcas03;x_prt"
"data/texture/필드바닥/prt_도시04.bmp","not_yet_hashed","66614","ground_texture","Full cross-resource audit is incomplete; keep source asset","bat_c01;ch1_sf03;hem_dun02;pprontera;prontera;prt_fild05;prt_fild08;prt_fild08a;prt_fild08b;prt_fild08c;prt_fild08d;prt_gld;prt_q;prtg_cas01;prtg_cas02;siege_test;te_prt_gld;te_prtcas01;te_prtcas02"
"data/texture/필드바닥/prt_도시05.bmp","not_yet_hashed","66614","ground_texture","Full cross-resource audit is incomplete; keep source asset","izlude;izlude_a;izlude_b;izlude_c;izlude_d;n_castle;pprontera;prontera;prt_q;pvp_y_1-2;pvp_y_2-2;pvp_y_3-2;pvp_y_4-2;pvp_y_5-2;pvp_y_6-2;pvp_y_7-2;pvp_y_8-2;x_prt"
"data/texture/필드바닥/prt_도시08.bmp","not_yet_hashed","66612","ground_texture","Full cross-resource audit is incomplete; keep source asset","izlude;izlude_a;izlude_b;izlude_c;izlude_d;pprontera;prontera;prt_fild05;prt_fild06;prt_fild08;prt_fild08a;prt_fild08b;prt_fild08c;prt_fild08d;prt_q;pvp_y_1-2;pvp_y_2-2;pvp_y_3-2;pvp_y_4-2;pvp_y_5-2;pvp_y_6-2;pvp_y_7-2;pvp_y_8-2"
"data/texture/필드바닥/prt_초원01.bmp","not_yet_hashed","66612","ground_texture","Full cross-resource audit is incomplete; keep source asset","1@vrclo;alb2trea;aldebaran;aldeg_cas05;bat_c01;bl_depth1;bl_depth2;bl_grass;ch1_sf03;gef_fild02;gef_fild11;hem_dun02;int_land;int_land01;int_land02;int_land03;int_land04;izlu2dun;izlude;izlude_a;izlude_b;izlude_c;izlude_d;job_knt;job_monk;mjolnir_07;mjolnir_08;mjolnir_09;moc_fild01;pay_fild04;pprontera;prontera;prt_fild00;prt_fild01;prt_fild02;prt_fild03;prt_fild04;prt_fild05;prt_fild06;prt_fild07;prt_fild08;prt_fild08a;prt_fild08b;prt_fild08c;prt_fild08d;prt_fild09;prt_fild10;prt_fild11;prt_gld;prt_monk;prt_q;prtg_cas01;prtg_cas02;prtg_cas03;prtg_cas04;prtg_cas05;pvp_y_1-2;pvp_y_2-2;pvp_y_3-2;pvp_y_4-2;pvp_y_5-2;pvp_y_6-2;pvp_y_7-2;pvp_y_8-2;quiz_00;quiz_02;sec_in02;siege_test;te_aldecas5;te_prt_gld;te_prtcas01;te_prtcas02;te_prtcas03;te_prtcas04;te_prtcas05;vr_clo1"
"data/texture/필드바닥/prt_초원06.bmp","not_yet_hashed","66612","ground_texture","Full cross-resource audit is incomplete; keep source asset","1@face;1@sara;1@vrclo;alb2trea;amatsu;bl_grass;cmd_fild08;cmd_fild09;gef_fild02;gef_fild11;hem_dun02;int_land;int_land01;int_land02;int_land03;int_land04;izlu2dun;izlude;izlude_a;izlude_b;izlude_c;izlude_d;job_monk;mjolnir_07;mjolnir_08;mjolnir_09;moc_fild02;moc_fild13;moc_fild14;moc_fild15;moc_fild16;moc_fild17;moc_fild18;pay_fild01;pay_fild04;pay_fild05;pay_fild06;pay_fild07;pay_fild09;pay_fild10;payon;pprontera;prontera;prt_fild00;prt_fild01;prt_fild02;prt_fild03;prt_fild04;prt_fild05;prt_fild06;prt_fild08;prt_fild08a;prt_fild08b;prt_fild08c;prt_fild08d;prt_fild11;prt_gld;prt_monk;prt_q;pvp_y_1-2;pvp_y_2-2;pvp_y_3-2;pvp_y_4-2;pvp_y_5-2;pvp_y_6-2;pvp_y_7-2;pvp_y_8-2;te_prt_gld;vr_clo1"
"data/texture/필드바닥/prt_초원08.bmp","not_yet_hashed","66612","ground_texture","Full cross-resource audit is incomplete; keep source asset","1@face;1@sara;1@vrclo;alb2trea;bl_grass;cmd_fild08;cmd_fild09;e_tower;gef_fild11;hem_dun02;int_land;int_land01;int_land02;int_land03;int_land04;izlu2dun;izlude;izlude_a;izlude_b;izlude_c;izlude_d;job_monk;mjolnir_07;mjolnir_08;mjolnir_09;moc_fild02;moc_fild13;moc_fild14;moc_fild15;moc_fild16;moc_fild17;moc_fild18;pay_fild01;pay_fild04;pay_fild05;pay_fild06;pay_fild07;pay_fild09;pay_fild10;payon;pprontera;prontera;prt_fild00;prt_fild01;prt_fild02;prt_fild03;prt_fild04;prt_fild05;prt_fild06;prt_fild08;prt_fild08a;prt_fild08b;prt_fild08c;prt_fild08d;prt_fild11;prt_gld;prt_monk;prt_q;pvp_y_1-2;pvp_y_2-2;pvp_y_3-2;pvp_y_4-2;pvp_y_5-2;pvp_y_6-2;pvp_y_7-2;pvp_y_8-2;te_prt_gld;vr_clo1"
"data/texture/필드바닥/prt_초원09.bmp","not_yet_hashed","66612","ground_texture","Full cross-resource audit is incomplete; keep source asset","1@face;1@vrclo;bl_grass;gef_fild02;gef_fild11;hem_dun02;job_monk;mjolnir_07;mjolnir_08;mjolnir_09;pay_fild01;pay_fild04;pay_fild05;pay_fild06;pay_fild09;pay_fild10;pprontera;prontera;prt_fild00;prt_fild01;prt_fild02;prt_fild03;prt_fild04;prt_fild05;prt_fild06;prt_fild08;prt_fild08a;prt_fild08b;prt_fild08c;prt_fild08d;prt_fild10;prt_fild11;prt_gld;prt_monk;prt_q;te_prt_gld;vr_clo1"
"data/texture/필드바닥/prt_흙03.bmp","not_yet_hashed","66612","ground_texture","Full cross-resource audit is incomplete; keep source asset","gld2_prt;pprontera;prontera;prt_q"
