map_id,gat_width,gat_height,gnd_width,gnd_height,dimension_source
06guild_01,100,100,50,50,server_cache_header
06guild_02,100,100,50,50,server_cache_header
06guild_03,100,100,50,50,server_cache_header
06guild_04,100,100,50,50,server_cache_header
06guild_05,100,100,50,50,server_cache_header
06guild_06,100,100,50,50,server_cache_header
06guild_07,100,100,50,50,server_cache_header
06guild_08,100,100,50,50,server_cache_header
06guild_r,200,200,100,100,extracted_headers
1@20cn1,300,260,150,130,extracted_headers
1@20cn2,300,300,150,150,extracted_headers
1@4cdn,200,200,100,100,extracted_headers
1@4drk,300,300,150,150,extracted_headers
1@4igd,100,100,50,50,extracted_headers
1@4inq,160,160,80,80,extracted_headers
1@4mag,240,240,120,120,extracted_headers
1@4mst,300,300,150,150,extracted_headers
1@4sac,160,100,80,50,extracted_headers
1@4tro,100,100,50,50,extracted_headers
1@4win,376,240,188,120,extracted_headers
1@adv,240,380,120,190,extracted_headers
1@advs,240,380,120,190,extracted_headers
1@air1,300,300,150,150,extracted_headers
1@air2,300,300,150,150,extracted_headers
1@ba_go,400,100,200,50,extracted_headers
1@bamn,400,400,200,200,extracted_headers
1@bamq,160,80,80,40,extracted_headers
1@begi,240,240,120,120,extracted_headers
1@cash,400,240,200,120,extracted_headers
1@cata,300,240,150,120,extracted_headers
1@ch1a,400,400,200,200,extracted_headers
1@ch1b,400,400,200,200,extracted_headers
1@ch_t,400,400,200,200,extracted_headers
1@ch_u,400,80,200,40,extracted_headers
1@cor,300,320,150,160,extracted_headers
1@crd,360,380,180,190,extracted_headers
1@def01,100,100,50,50,extracted_headers
1@def02,80,96,40,48,extracted_headers
1@def03,160,160,80,80,extracted_headers
1@dime,140,140,70,70,extracted_headers
1@drdo,260,260,130,130,extracted_headers
1@dth1,340,220,170,110,extracted_headers
1@dth2,340,220,170,110,extracted_headers
1@dth3,148,140,74,70,extracted_headers
1@ecl,200,120,100,60,extracted_headers
1@eom,200,240,100,120,extracted_headers
1@ep21a,300,300,150,150,extracted_headers
1@ep21b,200,200,100,100,extracted_headers
1@ep21c,200,200,100,100,extracted_headers
1@exds,200,240,100,120,extracted_headers
1@exhn,208,164,104,82,extracted_headers
1@exnw,140,140,70,70,extracted_headers
1@exse,84,94,42,47,extracted_headers
1@exsh,200,200,100,100,extracted_headers
1@exsr,76,76,38,38,extracted_headers
1@f_lake,204,204,102,102,extracted_headers
1@face,400,400,200,200,extracted_headers
1@ffp,300,300,150,150,extracted_headers
1@ge_sn,200,240,100,120,extracted_headers
1@ge_st,200,240,100,120,extracted_headers
1@gef,240,240,120,120,extracted_headers
1@gef_in,200,200,100,100,extracted_headers
1@ghg,400,360,200,180,extracted_headers
1@gl_he,300,300,150,150,extracted_headers
1@gl_he2,300,300,150,150,extracted_headers
1@gl_k,300,300,150,150,extracted_headers
1@gl_k2,300,300,150,150,extracted_headers
1@gl_kh,300,300,150,150,extracted_headers
1@gl_prq,320,320,160,160,extracted_headers
1@glast,400,400,200,200,extracted_headers
1@gol1,220,360,110,180,extracted_headers
1@gol2,100,100,50,50,extracted_headers
1@halo,104,168,52,84,extracted_headers
1@herbs,360,340,180,170,extracted_headers
1@infi,400,400,200,200,extracted_headers
1@iwp,400,400,200,200,extracted_headers
1@jorchs,300,300,150,150,extracted_headers
1@jorlab,120,120,60,60,extracted_headers
1@jtb,400,400,200,200,extracted_headers
1@lab,140,140,70,70,extracted_headers
1@lhz,200,200,100,100,extracted_headers
1@lost,320,360,160,180,extracted_headers
1@ma_b,160,200,80,100,extracted_headers
1@ma_c,152,148,76,74,extracted_headers
1@ma_h,200,200,100,100,extracted_headers
1@mcd,300,300,150,150,extracted_headers
1@md_gef,260,260,130,130,extracted_headers
1@md_pay,300,300,150,150,extracted_headers
1@mdtem,300,300,150,150,extracted_headers
1@mir,200,200,100,100,extracted_headers
1@mist,400,400,200,200,extracted_headers
1@mjo1,400,400,200,200,extracted_headers
1@mjo2,400,400,200,200,extracted_headers
1@nyd,400,400,200,200,extracted_headers
1@nyr,240,240,120,120,extracted_headers
1@odin,400,400,200,200,extracted_headers
1@orcs,200,200,100,100,extracted_headers
1@os_a,400,400,200,200,extracted_headers
1@os_b,400,400,200,200,extracted_headers
1@oz,300,300,150,150,extracted_headers
1@pdb,240,220,120,110,extracted_headers
1@pop1,160,160,80,80,extracted_headers
1@pop2,160,300,80,150,extracted_headers
1@pop3,116,116,58,58,extracted_headers
1@pump,120,160,60,80,extracted_headers
1@rev,200,200,100,100,extracted_headers
1@rgsr,260,260,130,130,extracted_headers
1@sara,300,360,150,180,extracted_headers
1@slug,400,400,200,200,extracted_headers
1@slw,240,240,120,120,extracted_headers
1@soul,140,140,70,70,extracted_headers
1@spa,240,240,120,120,extracted_headers
1@spa2,280,280,140,140,extracted_headers
1@sthb,260,132,130,66,extracted_headers
1@sthc,140,160,70,80,extracted_headers
1@sthd,200,200,100,100,extracted_headers
1@swat,360,360,180,180,extracted_headers
1@tcamp,300,360,150,180,extracted_headers
1@thts,240,400,120,200,extracted_headers
1@tnm1,180,140,90,70,extracted_headers
1@tnm2,280,280,140,140,extracted_headers
1@tnm3,200,200,100,100,extracted_headers
1@tower,400,400,200,200,extracted_headers
1@tre,200,200,100,100,extracted_headers
1@twas,160,160,80,80,extracted_headers
1@twbs,160,160,80,80,extracted_headers
1@twbs2,160,160,80,80,extracted_headers
1@twig,280,280,140,140,extracted_headers
1@twsd,400,400,200,200,extracted_headers
1@uns,300,300,150,150,extracted_headers
1@vrac1,220,200,110,100,extracted_headers
1@vrac2,240,240,120,120,extracted_headers
1@vrcas,400,356,200,178,extracted_headers
1@vrclo,400,300,200,150,extracted_headers
1@vrev,300,300,150,150,extracted_headers
1@vrgen,100,100,50,50,extracted_headers
1@vrhha,260,240,130,120,extracted_headers
1@vrpo,240,340,120,170,extracted_headers
1@vrpop,400,400,200,200,extracted_headers
1@vrsn,260,260,130,130,extracted_headers
1@whl,200,200,100,100,extracted_headers
1@wtgs,400,400,200,200,extracted_headers
1@xm_d,260,260,130,130,extracted_headers
1@xm_d2,260,260,130,130,extracted_headers
2009rwc_01,100,100,50,50,server_cache_header
2009rwc_02,100,100,50,50,server_cache_header
2009rwc_03,100,100,50,50,server_cache_header
2009rwc_04,100,100,50,50,server_cache_header
2009rwc_05,100,100,50,50,server_cache_header
2009rwc_06,100,100,50,50,server_cache_header
2009rwc_07,100,100,50,50,server_cache_header
2009rwc_08,100,100,50,50,server_cache_header
2009rwc_f01,200,180,100,90,server_cache_header
2012rwc_01,340,220,170,110,server_cache_header
2012rwc_02,360,320,180,160,server_cache_header
2012rwc_03,200,160,100,80,server_cache_header
2012rwc_04,260,164,130,82,server_cache_header
2012rwc_05,340,220,170,110,server_cache_header
2012rwc_06,360,320,180,160,server_cache_header
2012rwc_07,200,160,100,80,server_cache_header
2012rwc_08,260,164,130,82,server_cache_header
2025arena1,360,320,180,160,extracted_headers
2025arena2,200,160,100,80,extracted_headers
2025arena3,200,200,100,100,extracted_headers
2025arena4,360,320,180,160,extracted_headers
2025arena5,200,160,100,80,extracted_headers
25ros03_01,200,160,100,80,extracted_headers
2@cata,160,160,80,80,extracted_headers
2@ch_t,160,160,80,80,extracted_headers
2@exds,200,200,100,100,extracted_headers
2@gl_k,300,300,150,150,extracted_headers
2@gl_k2,300,300,150,150,extracted_headers
2@gl_kh,300,300,150,150,extracted_headers
2@mdtem,200,200,100,100,extracted_headers
2@mir,200,200,100,100,extracted_headers
2@nyd,400,400,200,200,extracted_headers
2@nyr,240,240,120,120,extracted_headers
2@orcs,200,200,100,100,extracted_headers
2@pump,160,160,80,80,extracted_headers
2@thts,140,200,70,100,extracted_headers
2@tower,400,400,200,200,extracted_headers
2@vrclo,300,200,150,100,extracted_headers
2@vrpop,252,232,126,116,extracted_headers
3@ch_t,200,200,100,100,extracted_headers
3@thts,140,200,70,100,extracted_headers
3@tower,400,400,200,200,extracted_headers
3@vrpop,252,246,126,123,extracted_headers
4@thts,180,180,90,90,extracted_headers
4@tower,400,400,200,200,extracted_headers
5@thts,180,180,90,90,extracted_headers
5@tower,160,160,80,80,extracted_headers
6@thts,180,180,90,90,extracted_headers
6@tower,200,200,100,100,extracted_headers
7@thts,180,180,90,90,extracted_headers
8@thts,280,280,140,140,extracted_headers
abbey01,400,400,200,200,extracted_headers
abbey02,300,300,150,150,extracted_headers
abbey03,240,240,120,120,extracted_headers
abyss_01,300,300,150,150,extracted_headers
abyss_02,300,300,150,150,extracted_headers
abyss_03,200,200,100,100,extracted_headers
abyss_04,340,340,170,170,extracted_headers
air_if,200,200,100,100,extracted_headers
airplane,300,300,150,150,extracted_headers
airplane2,300,300,150,150,extracted_headers
airplane_01,300,300,150,150,server_cache_header
airport,300,120,150,60,extracted_headers
alb2trea,140,140,70,70,extracted_headers
alb_ship,200,200,100,100,extracted_headers
alberta,280,280,140,140,extracted_headers
alberta_in,200,200,100,100,extracted_headers
alde_alche,200,200,100,100,extracted_headers
alde_dun01,320,320,160,160,extracted_headers
alde_dun02,300,300,150,150,extracted_headers
alde_dun03,300,300,150,150,extracted_headers
alde_dun04,300,300,150,150,extracted_headers
alde_gld,320,320,160,160,extracted_headers
alde_tt02,400,400,200,200,extracted_headers
alde_tt03,400,400,200,200,extracted_headers
aldeba_in,260,260,130,130,extracted_headers
aldebaran,280,280,140,140,extracted_headers
aldeg_cas01,240,264,120,132,extracted_headers
aldeg_cas02,240,240,120,120,extracted_headers
aldeg_cas03,240,300,120,150,extracted_headers
aldeg_cas04,240,240,120,120,extracted_headers
aldeg_cas05,240,240,120,120,extracted_headers
ama_dun01,240,240,120,120,extracted_headers
ama_dun02,240,240,120,120,extracted_headers
ama_dun03,240,240,120,120,extracted_headers
ama_fild01,400,400,200,200,extracted_headers
ama_in01,200,200,100,100,extracted_headers
ama_in02,240,200,120,100,extracted_headers
ama_test,100,132,50,66,extracted_headers
amatsu,316,316,158,158,extracted_headers
amicitia1,300,300,150,150,extracted_headers
amicitia2,300,300,150,150,extracted_headers
ant_d02_i,300,300,150,150,extracted_headers
anthell01,300,300,150,150,extracted_headers
anthell02,300,300,150,150,extracted_headers
arena_room,200,200,100,100,extracted_headers
aru_gld,400,400,200,200,extracted_headers
arug_cas01,400,400,200,200,extracted_headers
arug_cas02,400,400,200,200,extracted_headers
arug_cas03,400,400,200,200,extracted_headers
arug_cas04,400,400,200,200,server_cache_header
arug_cas05,400,400,200,200,server_cache_header
arug_dun01,400,400,200,200,extracted_headers
arug_que01,200,200,100,100,extracted_headers
auction_01,200,100,100,50,extracted_headers
auction_02,200,100,100,50,extracted_headers
ayo_dun01,300,300,150,150,extracted_headers
ayo_dun02,300,300,150,150,extracted_headers
ayo_fild01,360,360,180,180,extracted_headers
ayo_fild02,360,300,180,150,extracted_headers
ayo_in01,200,200,100,100,extracted_headers
ayo_in02,200,200,100,100,extracted_headers
ayothaya,320,320,160,160,extracted_headers
ba_2whs01,320,320,160,160,extracted_headers
ba_2whs02,360,360,180,180,extracted_headers
ba_bath,320,320,160,160,extracted_headers
ba_chess,48,48,24,24,extracted_headers
ba_go,104,100,52,50,extracted_headers
ba_in01,400,400,200,200,extracted_headers
ba_lib,320,320,160,160,extracted_headers
ba_lost,320,360,160,180,extracted_headers
ba_maison,400,400,200,200,extracted_headers
ba_pw01,300,300,150,150,extracted_headers
ba_pw02,300,300,150,150,extracted_headers
ba_pw03,300,300,150,150,extracted_headers
bat_a01,400,400,200,200,extracted_headers
bat_a02,400,400,200,200,server_cache_header
bat_b01,400,300,200,150,extracted_headers
bat_b02,400,300,200,150,server_cache_header
bat_c01,200,180,100,90,extracted_headers
bat_c02,200,180,100,90,server_cache_header
bat_c03,200,180,100,90,server_cache_header
bat_room,300,300,150,150,extracted_headers
beach_dun,300,300,150,150,extracted_headers
beach_dun2,300,300,150,150,extracted_headers
beach_dun3,300,300,150,150,extracted_headers
bif_fild01,400,400,200,200,extracted_headers
bif_fild02,400,400,200,200,extracted_headers
bl_death,400,400,200,200,extracted_headers
bl_depth1,360,360,180,180,extracted_headers
bl_depth2,280,280,140,140,extracted_headers
bl_grass,400,400,200,200,extracted_headers
bl_ice,300,300,150,150,extracted_headers
bl_lava,300,300,150,150,extracted_headers
bl_soul,312,312,156,156,extracted_headers
bl_temple,400,400,200,200,extracted_headers
bl_venom,300,300,150,150,extracted_headers
bossnia_01,240,240,120,120,server_cache_header
bossnia_02,240,240,120,120,server_cache_header
bossnia_03,240,240,120,120,server_cache_header
bossnia_04,240,240,120,120,server_cache_header
bra_dun01,240,240,120,120,extracted_headers
bra_dun02,300,300,150,150,extracted_headers
bra_fild01,400,400,200,200,extracted_headers
bra_in01,220,200,110,100,extracted_headers
brasilis,400,400,200,200,extracted_headers
c_tower1,400,400,200,200,extracted_headers
c_tower2,300,300,150,150,extracted_headers
c_tower2_,300,300,150,150,extracted_headers
c_tower3,260,260,130,130,extracted_headers
c_tower3_,260,260,130,130,extracted_headers
c_tower4,216,216,108,108,extracted_headers
cave,200,200,100,100,extracted_headers
ch1_dw,400,400,200,200,extracted_headers
ch1_gef_in,200,200,100,100,extracted_headers
ch1_geffen,240,240,120,120,extracted_headers
ch1_gfn01,300,300,150,150,extracted_headers
ch1_gfn03,300,300,150,150,extracted_headers
ch1_que01,240,240,120,120,extracted_headers
ch1_sf01,300,300,150,150,extracted_headers
ch1_sf02,300,300,150,150,extracted_headers
ch1_sf03,300,300,150,150,extracted_headers
ch1_vrgef1,200,200,100,100,extracted_headers
ch1_vrgef2,240,240,120,120,extracted_headers
ch1fild1,200,200,100,100,extracted_headers
ch1zero1,280,280,140,140,extracted_headers
ch1zero2,300,300,150,150,extracted_headers
ch1zero3,300,300,150,150,extracted_headers
ch1zero4,300,300,150,150,extracted_headers
clock_01,300,300,150,150,extracted_headers
cmd_bhole,400,400,200,200,extracted_headers
cmd_fild01,400,400,200,200,extracted_headers
cmd_fild02,400,400,200,200,extracted_headers
cmd_fild03,400,400,200,200,extracted_headers
cmd_fild04,400,400,200,200,extracted_headers
cmd_fild05,400,400,200,200,extracted_headers
cmd_fild06,400,400,200,200,extracted_headers
cmd_fild07,400,400,200,200,extracted_headers
cmd_fild08,400,400,200,200,extracted_headers
cmd_fild09,400,400,200,200,extracted_headers
cmd_in01,200,200,100,100,extracted_headers
cmd_in02,240,240,120,120,extracted_headers
com_d02_i,300,300,150,150,extracted_headers
comodo,360,380,180,190,extracted_headers
conch_in,200,120,100,60,extracted_headers
dali,200,200,100,100,extracted_headers
dali02,200,200,100,100,extracted_headers
dew_dun01,360,360,180,180,extracted_headers
dew_dun02,320,320,160,160,extracted_headers
dew_fild01,400,400,200,200,extracted_headers
dew_in01,60,60,30,30,extracted_headers
dewata,340,340,170,170,extracted_headers
dic_dun01,400,256,200,128,extracted_headers
dic_dun02,240,240,120,120,extracted_headers
dic_dun03,240,240,120,120,server_cache_header
dic_fild01,300,300,150,150,extracted_headers
dic_fild02,300,400,150,200,extracted_headers
dic_in01,400,300,200,150,extracted_headers
dicastes01,400,400,200,200,extracted_headers
dicastes02,240,360,120,180,extracted_headers
e_hugel,268,280,134,140,extracted_headers
e_tower,300,300,150,150,extracted_headers
ecl_fild01,320,360,160,180,extracted_headers
ecl_hub01,200,180,100,90,extracted_headers
ecl_in01,100,120,50,60,extracted_headers
ecl_in02,200,140,100,70,extracted_headers
ecl_in03,280,116,140,58,extracted_headers
ecl_in04,300,300,150,150,extracted_headers
ecl_tdun01,120,120,60,60,extracted_headers
ecl_tdun02,120,100,60,50,extracted_headers
ecl_tdun03,100,100,50,50,extracted_headers
ecl_tdun04,60,60,30,30,extracted_headers
eclage,400,400,200,200,extracted_headers
ein_d02_i,300,300,150,150,extracted_headers
ein_dun01,300,300,150,150,extracted_headers
ein_dun02,300,300,150,150,extracted_headers
ein_dun03,300,300,150,150,extracted_headers
ein_fild01,400,400,200,200,extracted_headers
ein_fild02,400,400,200,200,extracted_headers
ein_fild03,400,400,200,200,extracted_headers
ein_fild04,400,400,200,200,extracted_headers
ein_fild05,400,400,200,200,extracted_headers
ein_fild06,400,400,200,200,extracted_headers
ein_fild07,400,400,200,200,extracted_headers
ein_fild08,400,400,200,200,extracted_headers
ein_fild09,400,400,200,200,extracted_headers
ein_fild10,400,400,200,200,extracted_headers
ein_in01,300,300,150,150,extracted_headers
einbech,300,300,150,150,extracted_headers
einbroch,340,380,170,190,extracted_headers
evt_bomb,400,400,200,200,extracted_headers
evt_mobroom,300,160,150,80,extracted_headers
evt_swar_b,200,200,100,100,server_cache_header
evt_swar_r,200,200,100,100,server_cache_header
evt_swar_s,200,200,100,100,server_cache_header
evt_swar_t,200,200,100,100,server_cache_header
for_dun01,300,300,150,150,extracted_headers
for_dun02,300,300,150,150,extracted_headers
force_1-1,200,200,100,100,server_cache_header
force_1-2,200,200,100,100,server_cache_header
force_1-3,200,200,100,100,server_cache_header
force_2-1,200,200,100,100,server_cache_header
force_2-2,200,200,100,100,server_cache_header
force_2-3,200,200,100,100,server_cache_header
force_3-1,200,200,100,100,server_cache_header
force_3-2,200,200,100,100,server_cache_header
force_3-3,200,200,100,100,server_cache_header
force_4-1,200,200,100,100,server_cache_header
force_5-1,200,200,100,100,server_cache_header
g_room1-1,400,400,200,200,server_cache_header
g_room1-2,400,400,200,200,server_cache_header
g_room1-3,400,400,200,200,server_cache_header
g_room2,400,400,200,200,server_cache_header
gef_d01_i,300,300,150,150,extracted_headers
gef_dun00,200,200,100,100,extracted_headers
gef_dun01,300,300,150,150,extracted_headers
gef_dun02,260,260,130,130,extracted_headers
gef_dun03,240,240,120,120,extracted_headers
gef_fild00,400,400,200,200,extracted_headers
gef_fild01,400,400,200,200,extracted_headers
gef_fild02,400,400,200,200,extracted_headers
gef_fild03,400,400,200,200,extracted_headers
gef_fild04,380,380,190,190,extracted_headers
gef_fild05,380,380,190,190,extracted_headers
gef_fild06,400,400,200,200,extracted_headers
gef_fild07,380,380,190,190,extracted_headers
gef_fild08,380,380,190,190,extracted_headers
gef_fild09,400,400,200,200,extracted_headers
gef_fild10,400,400,200,200,extracted_headers
gef_fild11,400,400,200,200,extracted_headers
gef_fild12,400,400,200,200,extracted_headers
gef_fild13,400,400,200,200,extracted_headers
gef_fild14,400,400,200,200,extracted_headers
gef_tower,200,200,100,100,extracted_headers
gefenia01,300,300,150,150,extracted_headers
gefenia02,300,300,150,150,extracted_headers
gefenia03,300,300,150,150,extracted_headers
gefenia04,300,300,150,150,extracted_headers
geffen,240,240,120,120,extracted_headers
geffen_in,200,200,100,100,extracted_headers
gefg_cas01,220,220,110,110,extracted_headers
gefg_cas02,200,220,100,110,extracted_headers
gefg_cas03,280,300,140,150,extracted_headers
gefg_cas04,200,248,100,124,extracted_headers
gefg_cas05,220,220,110,110,extracted_headers
gl_cas01,400,400,200,200,extracted_headers
gl_cas01_,400,400,200,200,extracted_headers
gl_cas02,200,200,100,100,extracted_headers
gl_cas02_,200,200,100,100,extracted_headers
gl_church,312,312,156,156,extracted_headers
gl_chyard,300,300,150,150,extracted_headers
gl_chyard_,300,300,150,150,extracted_headers
gl_dun01,300,300,150,150,extracted_headers
gl_dun02,300,300,150,150,extracted_headers
gl_in01,200,200,100,100,extracted_headers
gl_knt01,300,300,150,150,extracted_headers
gl_knt02,300,300,150,150,extracted_headers
gl_prison,200,200,100,100,extracted_headers
gl_prison1,200,200,100,100,extracted_headers
gl_sew01,280,280,140,140,extracted_headers
gl_sew02,316,316,158,158,extracted_headers
gl_sew03,340,300,170,150,extracted_headers
gl_sew04,300,300,150,150,extracted_headers
gl_step,240,240,120,120,extracted_headers
glast_01,400,400,200,200,extracted_headers
gld2_ald,300,300,150,150,extracted_headers
gld2_gef,260,240,130,120,extracted_headers
gld2_pay,240,240,120,120,extracted_headers
gld2_prt,280,280,140,140,extracted_headers
gld_dun01,240,240,120,120,extracted_headers
gld_dun01_2,240,240,120,120,server_cache_header
gld_dun02,200,200,100,100,extracted_headers
gld_dun02_2,200,200,100,100,server_cache_header
gld_dun03,300,300,150,150,extracted_headers
gld_dun03_2,300,300,150,150,server_cache_header
gld_dun04,300,300,150,150,extracted_headers
gld_dun04_2,300,300,150,150,server_cache_header
gon_dun01,300,300,150,150,extracted_headers
gon_dun02,300,300,150,150,extracted_headers
gon_dun03,240,300,120,150,extracted_headers
gon_fild01,400,400,200,200,extracted_headers
gon_in,200,120,100,60,extracted_headers
gon_test,100,120,50,60,extracted_headers
gonryun,300,300,150,150,extracted_headers
grademk,200,200,100,100,extracted_headers
guild_room,400,400,200,200,server_cache_header
guild_vs1,100,100,50,50,extracted_headers
guild_vs1-1,100,100,50,50,server_cache_header
guild_vs1-2,100,100,50,50,server_cache_header
guild_vs1-3,100,100,50,50,server_cache_header
guild_vs1-4,100,100,50,50,server_cache_header
guild_vs2,100,100,50,50,extracted_headers
guild_vs2-1,100,100,50,50,server_cache_header
guild_vs2-2,100,100,50,50,server_cache_header
guild_vs3,100,100,50,50,extracted_headers
guild_vs4,100,100,50,50,extracted_headers
guild_vs5,100,100,50,50,extracted_headers
gw_fild01,400,400,200,200,extracted_headers
gw_fild02,400,400,200,200,extracted_headers
har_in01,120,120,60,60,extracted_headers
harboro1,400,360,200,180,extracted_headers
harboro2,360,340,180,170,extracted_headers
hem_dun01,280,280,140,140,extracted_headers
hem_dun02,320,320,160,160,extracted_headers
hem_fild,380,380,190,190,extracted_headers
hero_dun1,220,220,110,110,extracted_headers
hero_ent1,280,280,140,140,extracted_headers
hero_ent2,180,180,90,90,extracted_headers
hero_ent3,140,180,70,90,extracted_headers
hero_in1,220,220,110,110,extracted_headers
hero_in2,220,220,110,110,extracted_headers
hero_in3,220,220,110,110,extracted_headers
hero_in4,220,220,110,110,extracted_headers
hero_lb,280,280,140,140,extracted_headers
hero_out1,280,340,140,170,extracted_headers
hero_out2,280,280,140,140,extracted_headers
hero_out3,280,280,140,140,extracted_headers
hero_out4,280,280,140,140,extracted_headers
hero_tra,140,180,70,90,extracted_headers
herosria,300,300,150,150,extracted_headers
himinn,100,100,50,50,server_cache_header
httyd_01,400,400,200,200,extracted_headers
httyd_02,300,300,150,150,extracted_headers
hu_fild01,400,400,200,200,extracted_headers
hu_fild02,400,400,200,200,extracted_headers
hu_fild03,400,400,200,200,extracted_headers
hu_fild04,400,400,200,200,extracted_headers
hu_fild05,400,400,200,200,extracted_headers
hu_fild06,400,400,200,200,extracted_headers
hu_fild07,400,400,200,200,extracted_headers
hu_in01,400,400,200,200,extracted_headers
hugel,268,280,134,140,extracted_headers
icas_in,280,320,140,160,extracted_headers
icas_in2,280,160,140,80,extracted_headers
ice_d03_i,300,300,150,150,extracted_headers
ice_dun01,300,300,150,150,extracted_headers
ice_dun02,300,300,150,150,extracted_headers
ice_dun03,300,300,150,150,extracted_headers
ice_dun04,200,200,100,100,extracted_headers
icecastle,300,300,150,150,extracted_headers
in_hunter,200,200,100,100,extracted_headers
in_moc_16,200,200,100,100,extracted_headers
in_orcs01,200,200,100,100,extracted_headers
in_rogue,400,400,200,200,extracted_headers
in_sphinx1,300,300,150,150,extracted_headers
in_sphinx2,300,300,150,150,extracted_headers
in_sphinx3,240,240,120,120,extracted_headers
in_sphinx4,240,240,120,120,extracted_headers
in_sphinx5,200,200,100,100,extracted_headers
int_land,140,140,70,70,extracted_headers
int_land01,140,140,70,70,extracted_headers
int_land02,140,140,70,70,extracted_headers
int_land03,140,140,70,70,extracted_headers
int_land04,140,140,70,70,extracted_headers
itemmall,200,100,100,50,server_cache_header
iz_ac01,220,200,110,100,extracted_headers
iz_ac01_a,220,200,110,100,extracted_headers
iz_ac01_b,220,200,110,100,extracted_headers
iz_ac01_c,220,200,110,100,extracted_headers
iz_ac01_d,220,200,110,100,extracted_headers
iz_ac02,240,240,120,120,extracted_headers
iz_ac02_a,240,240,120,120,extracted_headers
iz_ac02_b,240,240,120,120,extracted_headers
iz_ac02_c,240,240,120,120,extracted_headers
iz_ac02_d,240,240,120,120,extracted_headers
iz_d04_i,280,300,140,150,extracted_headers
iz_d05_i,280,280,140,140,extracted_headers
iz_dun00,400,400,200,200,extracted_headers
iz_dun01,300,300,150,150,extracted_headers
iz_dun02,400,400,200,200,extracted_headers
iz_dun03,300,300,150,150,extracted_headers
iz_dun04,280,300,140,150,extracted_headers
iz_dun05,280,280,140,140,extracted_headers
iz_in_a,200,200,100,100,extracted_headers
iz_in_b,200,200,100,100,extracted_headers
iz_in_c,200,200,100,100,extracted_headers
iz_in_d,200,200,100,100,extracted_headers
iz_int,80,80,40,40,extracted_headers
iz_int01,80,80,40,40,extracted_headers
iz_int02,80,80,40,40,extracted_headers
iz_int03,80,80,40,40,extracted_headers
iz_int04,80,80,40,40,extracted_headers
iz_ng01,160,100,80,50,extracted_headers
izlu2dun,216,232,108,116,extracted_headers
izlude,268,300,134,150,extracted_headers
izlude_a,268,300,134,150,extracted_headers
izlude_b,268,300,134,150,extracted_headers
izlude_c,268,300,134,150,extracted_headers
izlude_d,268,300,134,150,extracted_headers
izlude_in,200,200,100,100,extracted_headers
jalbe_in,200,200,100,100,extracted_headers
jawaii,340,360,170,180,extracted_headers
jawaii_in,200,140,100,70,extracted_headers
job3_arch01,60,60,30,30,extracted_headers
job3_arch02,400,400,200,200,extracted_headers
job3_arch03,60,60,30,30,server_cache_header
job3_gen01,100,100,50,50,extracted_headers
job3_guil01,160,100,80,50,extracted_headers
job3_guil02,80,80,40,40,extracted_headers
job3_guil03,160,100,80,50,extracted_headers
job3_rang01,120,80,60,40,extracted_headers
job3_rang02,300,100,150,50,extracted_headers
job3_rune01,160,100,80,50,extracted_headers
job3_rune02,80,80,40,40,extracted_headers
job3_rune03,80,80,40,40,server_cache_header
job3_sha01,100,100,50,50,extracted_headers
job3_war01,52,52,26,26,extracted_headers
job3_war02,52,52,26,26,server_cache_header
job4_bio,64,60,32,30,extracted_headers
job4_mag,240,240,120,120,extracted_headers
job4_tro,100,100,50,50,extracted_headers
job_cru,200,200,100,100,extracted_headers
job_duncer,140,172,70,86,extracted_headers
job_gun,300,200,150,100,extracted_headers
job_hunte,200,200,100,100,extracted_headers
job_knt,200,200,100,100,extracted_headers
job_ko,200,140,100,70,extracted_headers
job_monk,400,300,200,150,extracted_headers
job_prist,200,200,100,100,extracted_headers
job_sage,200,200,100,100,extracted_headers
job_soul,60,60,30,30,extracted_headers
job_star,200,184,100,92,extracted_headers
job_sword1,260,260,130,130,extracted_headers
job_thief1,360,360,180,180,extracted_headers
job_wiz,200,200,100,100,extracted_headers
jor_ab01,300,300,150,150,extracted_headers
jor_ab02,300,300,150,150,extracted_headers
jor_albe,280,280,140,140,extracted_headers
jor_back1,400,400,200,200,extracted_headers
jor_back2,400,400,200,200,extracted_headers
jor_back3,400,400,200,200,extracted_headers
jor_back4,400,400,200,200,extracted_headers
jor_back5,400,400,200,200,extracted_headers
jor_back6,400,400,200,200,extracted_headers
jor_base,400,400,200,200,extracted_headers
jor_crk,200,200,100,100,extracted_headers
jor_crk_p,200,200,100,100,extracted_headers
jor_dun01,300,300,150,150,extracted_headers
jor_dun02,300,300,150,150,extracted_headers
jor_dun03,120,120,60,60,extracted_headers
jor_maze,300,300,150,150,extracted_headers
jor_mbase,400,400,200,200,extracted_headers
jor_nest,300,300,150,150,extracted_headers
jor_que,300,300,150,150,extracted_headers
jor_raise1,400,400,200,200,extracted_headers
jor_raise2,440,440,220,220,extracted_headers
jor_root1,300,300,150,150,extracted_headers
jor_root2,300,300,150,150,extracted_headers
jor_root3,400,400,200,200,extracted_headers
jor_safty1,400,400,200,200,extracted_headers
jor_safty2,400,400,200,200,extracted_headers
jor_sanct,300,300,150,150,extracted_headers
jor_sklf1,340,340,170,170,extracted_headers
jor_sklf2,300,300,150,150,extracted_headers
jor_tail,320,300,160,150,extracted_headers
jor_tmple1,340,340,170,170,extracted_headers
jor_tmple2,300,300,150,150,extracted_headers
jor_twice,400,400,200,200,extracted_headers
jor_twig,280,280,140,140,extracted_headers
jupe_area1,164,300,82,150,extracted_headers
jupe_area2,164,300,82,150,extracted_headers
jupe_cave,232,100,116,50,extracted_headers
jupe_core,300,300,150,150,extracted_headers
jupe_core2,300,300,150,150,server_cache_header
jupe_ele,100,124,50,62,extracted_headers
jupe_ele_r,100,160,50,80,extracted_headers
jupe_gate,100,200,50,100,extracted_headers
juperos_01,300,300,150,150,extracted_headers
juperos_02,300,300,150,150,extracted_headers
kh_dun01,240,240,120,120,extracted_headers
kh_dun02,240,240,120,120,extracted_headers
kh_kiehl01,200,200,100,100,extracted_headers
kh_kiehl02,100,100,50,50,extracted_headers
kh_mansion,100,100,50,50,extracted_headers
kh_rossi,300,300,150,150,extracted_headers
kh_school,200,200,100,100,extracted_headers
kh_vila,200,200,100,100,extracted_headers
lasa_dun01,220,220,110,110,extracted_headers
lasa_dun02,220,220,110,110,extracted_headers
lasa_dun03,320,320,160,160,extracted_headers
lasa_dun_q,320,320,160,160,extracted_headers
lasa_fild01,400,400,200,200,extracted_headers
lasa_fild02,400,400,200,200,extracted_headers
lasa_in01,200,120,100,60,extracted_headers
lasa_sea,220,220,110,110,extracted_headers
lasagna,400,400,200,200,extracted_headers
lhz_airport,300,120,150,60,server_cache_header
lhz_cube,260,212,130,106,extracted_headers
lhz_d_n2,96,64,48,32,extracted_headers
lhz_dun01,300,300,150,150,extracted_headers
lhz_dun02,300,300,150,150,extracted_headers
lhz_dun03,280,280,140,140,extracted_headers
lhz_dun04,300,300,150,150,extracted_headers
lhz_dun_n,280,280,140,140,extracted_headers
lhz_fild01,400,400,200,200,extracted_headers
lhz_fild02,400,400,200,200,extracted_headers
lhz_fild03,400,400,200,200,extracted_headers
lhz_in01,300,280,150,140,extracted_headers
lhz_in02,300,300,150,150,extracted_headers
lhz_in03,280,280,140,140,extracted_headers
lhz_que01,120,180,60,90,extracted_headers
lighthalzen,400,360,200,180,extracted_headers
lou_dun01,300,300,150,150,extracted_headers
lou_dun02,300,300,150,150,extracted_headers
lou_dun03,300,300,150,150,extracted_headers
lou_fild01,400,400,200,200,extracted_headers
lou_in01,200,200,100,100,extracted_headers
lou_in02,300,200,150,100,extracted_headers
louyang,360,360,180,180,extracted_headers
luna_sf1,300,300,150,150,extracted_headers
luna_sf2,300,300,150,150,extracted_headers
ma_dun01,200,200,100,100,extracted_headers
ma_fild01,400,400,200,200,extracted_headers
ma_fild02,400,400,200,200,extracted_headers
ma_in01,200,200,100,100,extracted_headers
ma_scene01,340,360,170,180,extracted_headers
ma_zif01,60,60,30,30,extracted_headers
ma_zif02,60,60,30,30,extracted_headers
ma_zif03,60,60,30,30,extracted_headers
ma_zif04,60,60,30,30,extracted_headers
ma_zif05,60,60,30,30,extracted_headers
ma_zif06,60,60,30,30,extracted_headers
ma_zif07,60,60,30,30,extracted_headers
ma_zif08,60,60,30,30,extracted_headers
ma_zif09,60,60,30,30,extracted_headers
mag_dun01,260,260,130,130,extracted_headers
mag_dun02,260,260,130,130,extracted_headers
mag_dun03,260,260,130,130,extracted_headers
mal_dun01,260,260,130,130,extracted_headers
mal_in01,200,240,100,120,extracted_headers
mal_in02,200,120,100,60,extracted_headers
malangdo,360,380,180,190,extracted_headers
malaya,400,400,200,200,extracted_headers
man_fild01,400,400,200,200,extracted_headers
man_fild02,400,400,200,200,extracted_headers
man_fild03,400,400,200,200,extracted_headers
man_in01,400,300,200,150,extracted_headers
manuk,400,400,200,200,extracted_headers
mbase_in,400,200,200,100,extracted_headers
memohall,280,200,140,100,extracted_headers
mid_camp,400,400,200,200,extracted_headers
mid_campin,400,200,200,100,extracted_headers
mjo_dun01,280,340,140,170,extracted_headers
mjo_dun02,400,400,200,200,extracted_headers
mjo_dun03,340,280,170,140,extracted_headers
mjo_wst01,400,400,200,200,extracted_headers
mjolnir_01,400,400,200,200,extracted_headers
mjolnir_02,400,400,200,200,extracted_headers
mjolnir_03,400,400,200,200,extracted_headers
mjolnir_04,400,400,200,200,extracted_headers
mjolnir_05,400,400,200,200,extracted_headers
mjolnir_06,400,400,200,200,extracted_headers
mjolnir_07,400,400,200,200,extracted_headers
mjolnir_08,400,400,200,200,extracted_headers
mjolnir_09,400,400,200,200,extracted_headers
mjolnir_10,400,400,200,200,extracted_headers
mjolnir_11,400,400,200,200,extracted_headers
mjolnir_12,400,400,200,200,extracted_headers
moc_akhet,380,380,190,190,extracted_headers
moc_castle,200,200,100,100,extracted_headers
moc_fild01,400,400,200,200,extracted_headers
moc_fild02,400,360,200,180,extracted_headers
moc_fild03,320,360,160,180,extracted_headers
moc_fild07,400,400,200,200,extracted_headers
moc_fild11,400,400,200,200,extracted_headers
moc_fild12,320,400,160,200,extracted_headers
moc_fild13,340,400,170,200,extracted_headers
moc_fild16,400,400,200,200,extracted_headers
moc_fild17,400,400,200,200,extracted_headers
moc_fild18,400,400,200,200,extracted_headers
moc_fild19,200,200,100,100,extracted_headers
moc_fild20,400,400,200,200,extracted_headers
moc_fild21,400,400,200,200,extracted_headers
moc_fild22,400,400,200,200,extracted_headers
moc_fild22b,400,400,200,200,extracted_headers
moc_para01,200,200,100,100,extracted_headers
moc_pryd01,200,200,100,100,extracted_headers
moc_pryd02,200,200,100,100,extracted_headers
moc_pryd03,200,200,100,100,extracted_headers
moc_pryd04,200,200,100,100,extracted_headers
moc_pryd05,232,232,116,116,extracted_headers
moc_pryd06,204,204,102,102,extracted_headers
moc_prydb1,200,200,100,100,extracted_headers
moc_prydn1,232,232,116,116,extracted_headers
moc_prydn2,204,204,102,102,extracted_headers
moc_ruins,200,200,100,100,extracted_headers
monk_in,200,200,100,100,extracted_headers
monk_test,400,400,200,200,extracted_headers
mora,240,240,120,120,extracted_headers
moro_cav,100,100,50,50,extracted_headers
moro_vol,400,400,200,200,extracted_headers
morocc,320,320,160,160,extracted_headers
morocc_in,200,200,100,100,extracted_headers
moscovia,400,400,200,200,extracted_headers
mosk_dun01,300,300,150,150,extracted_headers
mosk_dun02,300,300,150,150,extracted_headers
mosk_dun03,300,300,150,150,extracted_headers
mosk_fild01,200,200,100,100,extracted_headers
mosk_fild02,300,300,150,150,extracted_headers
mosk_in,300,300,150,150,extracted_headers
mosk_que,100,240,50,120,extracted_headers
mosk_ship,200,200,100,100,extracted_headers
mu_fild01,400,400,200,200,extracted_headers
n_castle,200,200,100,100,extracted_headers
nakhyang,68,64,34,32,extracted_headers
nameless_i,340,340,170,170,extracted_headers
nameless_in,200,200,100,100,extracted_headers
nameless_n,340,340,170,170,extracted_headers
new_1-1,200,200,100,100,server_cache_header
new_1-2,200,200,100,100,server_cache_header
new_1-3,200,200,100,100,server_cache_header
new_1-4,200,200,100,100,server_cache_header
new_2-1,200,200,100,100,server_cache_header
new_2-2,200,200,100,100,server_cache_header
new_2-3,200,200,100,100,server_cache_header
new_2-4,200,200,100,100,server_cache_header
new_3-1,200,200,100,100,server_cache_header
new_3-2,200,200,100,100,server_cache_header
new_3-3,200,200,100,100,server_cache_header
new_3-4,200,200,100,100,server_cache_header
new_4-1,200,200,100,100,server_cache_header
new_4-2,200,200,100,100,server_cache_header
new_4-3,200,200,100,100,server_cache_header
new_4-4,200,200,100,100,server_cache_header
new_5-1,200,200,100,100,server_cache_header
new_5-2,200,200,100,100,server_cache_header
new_5-3,200,200,100,100,server_cache_header
new_5-4,200,200,100,100,server_cache_header
new_event,200,200,100,100,extracted_headers
new_zone01,200,200,100,100,extracted_headers
new_zone02,200,200,100,100,extracted_headers
new_zone03,200,200,100,100,extracted_headers
new_zone04,200,200,100,100,extracted_headers
nguild_alde,240,264,120,132,server_cache_header
nguild_gef,220,220,110,110,server_cache_header
nguild_pay,300,160,150,80,server_cache_header
nguild_prt,220,220,110,110,server_cache_header
nif_dun01,300,300,150,150,extracted_headers
nif_dun02,300,300,150,150,extracted_headers
nif_fild01,400,400,200,200,extracted_headers
nif_fild02,400,400,200,200,extracted_headers
nif_fild03,400,400,200,200,extracted_headers
nif_in,200,200,100,100,extracted_headers
niflheim,400,300,200,150,extracted_headers
niflxmas,400,300,200,150,extracted_headers
nyd_dun01,300,300,150,150,extracted_headers
nyd_dun02,260,400,130,200,extracted_headers
odin_past,400,400,200,200,extracted_headers
odin_tem01,400,400,200,200,extracted_headers
odin_tem02,400,400,200,200,extracted_headers
odin_tem03,400,400,200,200,extracted_headers
orcsdun01,200,200,100,100,extracted_headers
orcsdun02,200,200,100,100,extracted_headers
ordeal_1-1,300,300,150,150,server_cache_header
ordeal_1-2,308,308,154,154,server_cache_header
ordeal_2-1,300,300,150,150,server_cache_header
ordeal_2-2,308,308,154,154,server_cache_header
ordeal_3-1,300,300,150,150,server_cache_header
ordeal_3-2,308,308,154,154,server_cache_header
ordeal_a00,300,300,150,150,extracted_headers
ordeal_a02,308,308,154,154,extracted_headers
oz_dun01,300,300,150,150,extracted_headers
oz_dun02,300,300,150,150,extracted_headers
p_track01,100,80,50,40,extracted_headers
p_track02,100,80,50,40,server_cache_header
paramk,200,200,100,100,extracted_headers
pay_arche,200,200,100,100,extracted_headers
pay_d03_i,300,300,150,150,extracted_headers
pay_dun00,200,200,100,100,extracted_headers
pay_dun01,300,300,150,150,extracted_headers
pay_dun02,300,300,150,150,extracted_headers
pay_dun03,300,300,150,150,extracted_headers
pay_dun04,240,240,120,120,extracted_headers
pay_fild01,400,400,200,200,extracted_headers
pay_fild02,300,404,150,202,extracted_headers
pay_fild03,416,300,208,150,extracted_headers
pay_fild04,400,400,200,200,extracted_headers
pay_fild05,300,400,150,200,extracted_headers
pay_fild06,400,400,200,200,extracted_headers
pay_fild07,400,400,200,200,extracted_headers
pay_fild08,280,400,140,200,extracted_headers
pay_fild09,400,400,200,200,extracted_headers
pay_fild10,400,400,200,200,extracted_headers
pay_fild11,320,360,160,180,extracted_headers
pay_gld,400,400,200,200,extracted_headers
payg_cas01,300,160,150,80,extracted_headers
payg_cas02,300,300,150,150,extracted_headers
payg_cas03,300,300,150,150,extracted_headers
payg_cas04,300,300,150,150,extracted_headers
payg_cas05,300,300,150,150,extracted_headers
payon,300,360,150,180,extracted_headers
payon_in01,200,200,100,100,extracted_headers
payon_in02,100,100,50,50,extracted_headers
payon_in03,200,200,100,100,extracted_headers
poring_w01,200,200,100,100,extracted_headers
poring_w02,200,240,100,120,extracted_headers
pprontera,312,392,156,196,extracted_headers
prontera,312,392,156,196,extracted_headers
prt_are01,300,300,150,150,extracted_headers
prt_are_in,200,200,100,100,extracted_headers
prt_cas,400,356,200,178,extracted_headers
prt_cas_q,180,200,90,100,extracted_headers
prt_castle,400,400,200,200,extracted_headers
prt_church,200,200,100,100,extracted_headers
prt_elib,120,116,60,58,extracted_headers
prt_evt_in,60,60,30,30,extracted_headers
prt_fild00,400,400,200,200,extracted_headers
prt_fild01,400,400,200,200,extracted_headers
prt_fild02,400,400,200,200,extracted_headers
prt_fild03,400,300,200,150,extracted_headers
prt_fild04,400,400,200,200,extracted_headers
prt_fild05,400,400,200,200,extracted_headers
prt_fild06,380,340,190,170,extracted_headers
prt_fild07,400,400,200,200,extracted_headers
prt_fild08,400,400,200,200,extracted_headers
prt_fild08a,400,400,200,200,extracted_headers
prt_fild08b,400,400,200,200,extracted_headers
prt_fild08c,400,400,200,200,extracted_headers
prt_fild08d,400,400,200,200,extracted_headers
prt_fild09,400,400,200,200,extracted_headers
prt_fild10,360,320,180,160,extracted_headers
prt_fild11,380,320,190,160,extracted_headers
prt_gld,320,320,160,160,extracted_headers
prt_in,300,200,150,100,extracted_headers
prt_lib,160,120,80,60,extracted_headers
prt_lib_q,160,120,80,60,extracted_headers
prt_maze01,200,200,100,100,extracted_headers
prt_maze02,200,200,100,100,extracted_headers
prt_maze03,200,200,100,100,extracted_headers
prt_mk,320,320,160,160,extracted_headers
prt_monk,400,300,200,150,extracted_headers
prt_mz03_i,200,200,100,100,extracted_headers
prt_pri00,200,200,100,100,extracted_headers
prt_prison,300,300,150,150,extracted_headers
prt_q,312,392,156,196,extracted_headers
prt_sewb1,320,320,160,160,extracted_headers
prt_sewb2,200,200,100,100,extracted_headers
prt_sewb3,200,200,100,100,extracted_headers
prt_sewb4,200,200,100,100,extracted_headers
prtg_cas01,220,220,110,110,extracted_headers
prtg_cas02,224,240,112,120,extracted_headers
prtg_cas03,220,240,110,120,extracted_headers
prtg_cas04,300,300,150,150,extracted_headers
prtg_cas05,300,300,150,150,extracted_headers
pub_cat,200,160,100,80,extracted_headers
pvp_2vs2,80,80,40,40,extracted_headers
pvp_c_room,100,100,50,50,server_cache_header
pvp_n_1-1,200,200,100,100,server_cache_header
pvp_n_1-2,200,200,100,100,server_cache_header
pvp_n_1-3,200,200,100,100,server_cache_header
pvp_n_1-4,200,200,100,100,server_cache_header
pvp_n_1-5,200,200,100,100,server_cache_header
pvp_n_2-1,200,200,100,100,server_cache_header
pvp_n_2-2,200,200,100,100,server_cache_header
pvp_n_2-3,200,200,100,100,server_cache_header
pvp_n_2-4,200,200,100,100,server_cache_header
pvp_n_2-5,200,200,100,100,server_cache_header
pvp_n_3-1,200,200,100,100,server_cache_header
pvp_n_3-2,200,200,100,100,server_cache_header
pvp_n_3-3,200,200,100,100,server_cache_header
pvp_n_3-4,200,200,100,100,server_cache_header
pvp_n_3-5,200,200,100,100,server_cache_header
pvp_n_4-1,200,200,100,100,server_cache_header
pvp_n_4-2,200,200,100,100,server_cache_header
pvp_n_4-3,200,200,100,100,server_cache_header
pvp_n_4-4,200,200,100,100,server_cache_header
pvp_n_4-5,200,200,100,100,server_cache_header
pvp_n_5-1,200,200,100,100,server_cache_header
pvp_n_5-2,200,200,100,100,server_cache_header
pvp_n_5-3,200,200,100,100,server_cache_header
pvp_n_5-4,200,200,100,100,server_cache_header
pvp_n_5-5,200,200,100,100,server_cache_header
pvp_n_6-1,200,200,100,100,server_cache_header
pvp_n_6-2,200,200,100,100,server_cache_header
pvp_n_6-3,200,200,100,100,server_cache_header
pvp_n_6-4,200,200,100,100,server_cache_header
pvp_n_6-5,200,200,100,100,server_cache_header
pvp_n_7-1,200,200,100,100,server_cache_header
pvp_n_7-2,200,200,100,100,server_cache_header
pvp_n_7-3,200,200,100,100,server_cache_header
pvp_n_7-4,200,200,100,100,server_cache_header
pvp_n_7-5,200,200,100,100,server_cache_header
pvp_n_8-1,200,200,100,100,server_cache_header
pvp_n_8-2,200,200,100,100,server_cache_header
pvp_n_8-3,200,200,100,100,server_cache_header
pvp_n_8-4,200,200,100,100,server_cache_header
pvp_n_8-5,200,200,100,100,server_cache_header
pvp_n_room,100,100,50,50,server_cache_header
pvp_room,100,100,50,50,extracted_headers
pvp_y_1-1,312,392,156,196,server_cache_header
pvp_y_1-2,268,300,134,150,extracted_headers
pvp_y_1-3,300,360,150,180,server_cache_header
pvp_y_1-4,280,280,140,140,server_cache_header
pvp_y_1-5,320,320,160,160,server_cache_header
pvp_y_2-1,312,392,156,196,server_cache_header
pvp_y_2-2,268,300,134,150,extracted_headers
pvp_y_2-3,300,360,150,180,server_cache_header
pvp_y_2-4,280,280,140,140,server_cache_header
pvp_y_2-5,320,320,160,160,server_cache_header
pvp_y_3-1,312,392,156,196,server_cache_header
pvp_y_3-2,268,300,134,150,extracted_headers
pvp_y_3-3,300,360,150,180,server_cache_header
pvp_y_3-4,280,280,140,140,server_cache_header
pvp_y_3-5,320,320,160,160,server_cache_header
pvp_y_4-1,312,392,156,196,server_cache_header
pvp_y_4-2,268,300,134,150,extracted_headers
pvp_y_4-3,300,360,150,180,server_cache_header
pvp_y_4-4,280,280,140,140,server_cache_header
pvp_y_4-5,320,320,160,160,server_cache_header
pvp_y_5-1,312,392,156,196,server_cache_header
pvp_y_5-2,268,300,134,150,extracted_headers
pvp_y_5-3,300,360,150,180,server_cache_header
pvp_y_5-4,280,280,140,140,server_cache_header
pvp_y_5-5,320,320,160,160,server_cache_header
pvp_y_6-1,312,392,156,196,server_cache_header
pvp_y_6-2,268,300,134,150,extracted_headers
pvp_y_6-3,300,360,150,180,server_cache_header
pvp_y_6-4,280,280,140,140,server_cache_header
pvp_y_6-5,320,320,160,160,server_cache_header
pvp_y_7-1,312,392,156,196,server_cache_header
pvp_y_7-2,268,300,134,150,extracted_headers
pvp_y_7-3,300,360,150,180,server_cache_header
pvp_y_7-4,280,280,140,140,server_cache_header
pvp_y_7-5,320,320,160,160,server_cache_header
pvp_y_8-1,312,392,156,196,server_cache_header
pvp_y_8-2,268,300,134,150,extracted_headers
pvp_y_8-3,300,360,150,180,server_cache_header
pvp_y_8-4,280,280,140,140,server_cache_header
pvp_y_8-5,320,320,160,160,server_cache_header
pvp_y_room,100,100,50,50,server_cache_header
que_avan01,52,52,26,26,extracted_headers
que_ba,300,300,150,150,extracted_headers
que_bingo,100,200,50,100,extracted_headers
que_dan01,80,80,40,40,extracted_headers
que_dan02,120,60,60,30,extracted_headers
que_god01,300,140,150,70,extracted_headers
que_god02,200,140,100,70,extracted_headers
que_house_s,96,60,48,30,extracted_headers
que_hugel,200,200,100,100,extracted_headers
que_job01,160,100,80,50,extracted_headers
que_job02,200,200,100,100,extracted_headers
que_job03,200,200,100,100,server_cache_header
que_lhz,300,300,150,150,extracted_headers
que_moc_16,200,200,100,100,server_cache_header
que_moon,200,184,100,92,server_cache_header
que_ng,200,200,100,100,extracted_headers
que_qaru01,400,400,200,200,server_cache_header
que_qaru02,400,400,200,200,server_cache_header
que_qaru03,400,400,200,200,server_cache_header
que_qaru04,400,400,200,200,server_cache_header
que_qaru05,400,400,200,200,server_cache_header
que_qsch01,400,400,200,200,extracted_headers
que_qsch02,400,400,200,200,server_cache_header
que_qsch03,400,400,200,200,server_cache_header
que_qsch04,400,400,200,200,server_cache_header
que_qsch05,400,400,200,200,server_cache_header
que_rachel,340,340,170,170,extracted_headers
que_san04,240,240,120,120,server_cache_header
que_sign01,240,240,120,120,extracted_headers
que_sign02,400,400,200,200,server_cache_header
que_swat,360,360,180,180,extracted_headers
que_temsky,200,200,100,100,server_cache_header
que_thor,200,100,100,50,extracted_headers
que_thr,200,100,100,50,extracted_headers
quiz_00,160,160,80,80,extracted_headers
quiz_01,400,400,200,200,extracted_headers
quiz_02,400,400,200,200,extracted_headers
quiz_test,400,400,200,200,server_cache_header
ra_fild01,400,400,200,200,extracted_headers
ra_fild02,400,400,200,200,extracted_headers
ra_fild03,400,400,200,200,extracted_headers
ra_fild04,400,400,200,200,extracted_headers
ra_fild05,400,400,200,200,extracted_headers
ra_fild06,400,400,200,200,extracted_headers
ra_fild07,400,400,200,200,extracted_headers
ra_fild08,400,400,200,200,extracted_headers
ra_fild09,400,400,200,200,extracted_headers
ra_fild10,400,400,200,200,extracted_headers
ra_fild11,400,400,200,200,extracted_headers
ra_fild12,400,400,200,200,extracted_headers
ra_fild13,400,400,200,200,extracted_headers
ra_in01,400,400,200,200,extracted_headers
ra_pol01,400,400,200,200,extracted_headers
ra_san01,280,280,140,140,extracted_headers
ra_san02,300,300,150,150,extracted_headers
ra_san03,300,300,150,150,extracted_headers
ra_san04,240,240,120,120,extracted_headers
ra_san05,300,300,150,150,extracted_headers
ra_temin,340,340,170,170,extracted_headers
ra_temple,240,240,120,120,extracted_headers
ra_temsky,200,200,100,100,extracted_headers
rachel,300,300,150,150,extracted_headers
rag_fes,400,400,200,200,extracted_headers
rag_fes_a,400,400,200,200,extracted_headers
rebel_in,220,100,110,50,extracted_headers
rgsr_in,260,260,130,130,extracted_headers
rockmi1,400,400,200,200,extracted_headers
rockmi2,140,140,70,70,extracted_headers
rockrdg1,400,400,200,200,extracted_headers
rockrdg2,400,400,200,200,extracted_headers
s_atelier,200,140,100,70,extracted_headers
sch_gld,400,400,200,200,extracted_headers
sch_lab,120,120,60,60,server_cache_header
schg_cas01,400,400,200,200,extracted_headers
schg_cas02,400,400,200,200,extracted_headers
schg_cas03,400,400,200,200,extracted_headers
schg_cas04,400,400,200,200,server_cache_header
schg_cas05,400,400,200,200,server_cache_header
schg_dun01,400,400,200,200,extracted_headers
schg_que01,200,200,100,100,server_cache_header
sec_in01,200,200,100,100,extracted_headers
sec_in02,200,200,100,100,extracted_headers
sec_pri,100,100,50,50,extracted_headers
silk_lair,400,240,200,120,extracted_headers
slabw01,300,180,150,90,extracted_headers
sp_cor,300,320,150,160,extracted_headers
sp_os,400,400,200,200,extracted_headers
sp_rudus,400,400,200,200,extracted_headers
sp_rudus2,400,400,200,200,extracted_headers
sp_rudus3,400,400,200,200,extracted_headers
sp_rudus4,400,400,200,200,extracted_headers
spl_fild01,400,400,200,200,extracted_headers
spl_fild02,400,400,200,200,extracted_headers
spl_fild03,400,400,200,200,extracted_headers
spl_in01,400,400,200,200,extracted_headers
spl_in02,300,300,150,150,extracted_headers
splendide,400,400,200,200,extracted_headers
star_frst,200,200,100,100,extracted_headers
star_in,200,200,100,100,extracted_headers
sword_1-1,260,260,130,130,server_cache_header
sword_2-1,260,260,130,130,server_cache_header
sword_3-1,260,260,130,130,server_cache_header
t_garden,260,296,130,148,extracted_headers
te_alde_gld,320,320,160,160,extracted_headers
te_aldecas1,240,264,120,132,extracted_headers
te_aldecas2,240,240,120,120,extracted_headers
te_aldecas3,240,300,120,150,extracted_headers
te_aldecas4,240,240,120,120,extracted_headers
te_aldecas5,240,240,120,120,extracted_headers
te_prt_gld,320,320,160,160,extracted_headers
te_prtcas01,220,220,110,110,extracted_headers
te_prtcas02,224,240,112,120,extracted_headers
te_prtcas03,220,240,110,120,extracted_headers
te_prtcas04,300,300,150,150,extracted_headers
te_prtcas05,300,300,150,150,extracted_headers
teg_dun01,300,300,150,150,extracted_headers
teg_dun02,200,200,100,100,extracted_headers
tha_scene01,400,400,200,200,extracted_headers
tha_t01,300,300,150,150,extracted_headers
tha_t02,300,300,150,150,extracted_headers
tha_t03,280,280,140,140,extracted_headers
tha_t04,280,280,140,140,extracted_headers
tha_t05,240,240,120,120,extracted_headers
tha_t06,240,240,120,120,extracted_headers
tha_t07,140,200,70,100,extracted_headers
tha_t08,140,200,70,100,extracted_headers
tha_t09,180,180,90,90,extracted_headers
tha_t10,180,180,90,90,extracted_headers
tha_t11,180,180,90,90,extracted_headers
tha_t12,180,180,90,90,extracted_headers
thana_boss,280,280,140,140,extracted_headers
thana_step,240,400,120,200,extracted_headers
thor_camp,300,360,150,180,extracted_headers
thor_v01,300,300,150,150,extracted_headers
thor_v02,240,240,120,120,extracted_headers
thor_v03,300,300,150,150,extracted_headers
tra_fild,200,200,100,100,extracted_headers
tra_fild01,220,220,110,110,extracted_headers
tra_fild02,220,220,110,110,extracted_headers
tra_fild03,220,220,110,110,extracted_headers
treasure01,200,200,100,100,extracted_headers
treasure02,200,200,100,100,extracted_headers
treasure_n1,200,200,100,100,extracted_headers
treasure_n2,200,200,100,100,extracted_headers
tur_d03_i,248,248,124,124,extracted_headers
tur_d04_i,200,200,100,100,extracted_headers
tur_d04ia,200,200,100,100,extracted_headers
tur_d04ib,200,200,100,100,extracted_headers
tur_dun01,300,300,150,150,extracted_headers
tur_dun02,300,300,150,150,extracted_headers
tur_dun03,248,248,124,124,extracted_headers
tur_dun04,200,200,100,100,extracted_headers
tur_dun05,100,100,50,50,extracted_headers
tur_dun06,100,100,50,50,extracted_headers
turbo_e_16,400,400,200,200,server_cache_header
turbo_e_4,400,400,200,200,server_cache_header
turbo_e_8,400,400,200,200,server_cache_header
turbo_n_1,400,400,200,200,server_cache_header
turbo_n_16,400,400,200,200,server_cache_header
turbo_n_4,400,400,200,200,server_cache_header
turbo_n_8,400,400,200,200,server_cache_header
turbo_room,200,200,100,100,extracted_headers
uknw_ruin,300,300,150,150,extracted_headers
uknw_ruin2,300,300,150,150,extracted_headers
um_dun01,300,300,150,150,extracted_headers
um_dun02,300,300,150,150,extracted_headers
um_fild01,400,400,200,200,extracted_headers
um_fild02,400,400,200,200,extracted_headers
um_fild03,400,400,200,200,extracted_headers
um_fild04,400,400,200,200,extracted_headers
um_in,200,140,100,70,extracted_headers
umbala,280,344,140,172,extracted_headers
un_bk_q,400,400,200,200,extracted_headers
un_bunker,400,400,200,200,extracted_headers
un_myst,400,220,200,110,extracted_headers
valkyrie,100,100,50,50,extracted_headers
ve_fild01,400,400,200,200,extracted_headers
ve_fild02,400,400,200,200,extracted_headers
ve_fild03,400,400,200,200,extracted_headers
ve_fild04,400,400,200,200,extracted_headers
ve_fild05,400,400,200,200,extracted_headers
ve_fild06,400,400,200,200,extracted_headers
ve_fild07,400,400,200,200,extracted_headers
ve_in,400,400,200,200,extracted_headers
ve_in02,100,100,50,50,extracted_headers
veins,400,400,200,200,extracted_headers
ver_eju,300,300,150,150,extracted_headers
ver_tunn,120,100,60,50,extracted_headers
verus01,300,300,150,150,extracted_headers
verus02,300,300,150,150,extracted_headers
verus02_a,300,300,150,150,extracted_headers
verus02_b,300,300,150,150,extracted_headers
verus03,280,280,140,140,extracted_headers
verus04,280,280,140,140,extracted_headers
vis_h01,240,240,120,120,extracted_headers
vis_h02,240,240,120,120,extracted_headers
vis_h03,240,240,120,120,extracted_headers
vis_h04,240,240,120,120,extracted_headers
vr_bob,360,400,180,200,extracted_headers
vr_cas,400,356,200,178,extracted_headers
vr_clo1,400,300,200,150,extracted_headers
vr_clo2,300,200,150,100,extracted_headers
vr_gen,100,100,50,50,extracted_headers
vr_po,240,340,120,170,extracted_headers
vr_pop1,400,400,200,200,extracted_headers
vr_pop2,252,232,126,116,extracted_headers
vr_pop3,252,246,126,123,extracted_headers
wolfvill,300,300,150,150,extracted_headers
x_lhz,140,140,70,70,extracted_headers
x_prt,140,140,70,70,extracted_headers
x_ra,140,140,70,70,extracted_headers
xmas,300,360,150,180,extracted_headers
xmas_dun01,260,260,130,130,extracted_headers
xmas_dun02,260,260,130,130,extracted_headers
xmas_fild01,280,280,140,140,extracted_headers
xmas_in,200,200,100,100,extracted_headers
y_airport,300,120,150,60,server_cache_header
ygg_edge,300,300,150,150,extracted_headers
ygg_fruit,240,240,120,120,extracted_headers
ygg_roots,400,400,200,200,extracted_headers
yggdrasil01,300,300,150,150,extracted_headers
yuno,400,400,200,200,extracted_headers
yuno_fild01,400,400,200,200,extracted_headers
yuno_fild02,400,400,200,200,extracted_headers
yuno_fild03,400,400,200,200,extracted_headers
yuno_fild04,400,400,200,200,extracted_headers
yuno_fild05,400,400,200,200,extracted_headers
yuno_fild06,400,400,200,200,extracted_headers
yuno_fild07,400,400,200,200,extracted_headers
yuno_fild08,400,400,200,200,extracted_headers
yuno_fild09,400,400,200,200,extracted_headers
yuno_fild10,400,400,200,200,extracted_headers
yuno_fild11,400,400,200,200,extracted_headers
yuno_fild12,400,400,200,200,extracted_headers
yuno_in01,200,200,100,100,extracted_headers
yuno_in02,200,240,100,120,extracted_headers
yuno_in03,260,216,130,108,extracted_headers
yuno_in04,200,140,100,70,extracted_headers
yuno_in05,200,200,100,100,extracted_headers
yuno_pre,140,140,70,70,extracted_headers
z_agit,200,200,100,100,server_cache_header
